method,seed,training_samples,max_epochs,learning_rate,val_macro_f1,val_accuracy,test_macro_f1,test_accuracy,trainable_params,trainable_percent,training_time_seconds,peak_gpu_memory_gb
Frozen_BERT,231,12000,8,0.0002,0.7931404814832428,0.7946666666666666,0.7828983618935479,0.7843421052631578,3076,0.002809509176554781,3054.703412294388,0.4593639373779297
Frozen_BERT,42,12000,8,0.0002,0.7931987388097398,0.795,0.7821936913049335,0.7838157894736842,3076,0.002809509176554781,3117.133488178253,0.4596080780029297
Frozen_BERT,123,12000,8,0.0002,0.7934041769879736,0.7950833333333334,0.7835886624063684,0.7851315789473684,3076,0.002809509176554781,3089.2222979068756,0.4596080780029297
Frozen_BERT,456,12000,8,0.0002,0.7938050283466097,0.7953333333333333,0.7817984698527425,0.7832894736842105,3076,0.002809509176554781,3057.657226085663,0.4596080780029297
Frozen_BERT,789,12000,8,0.0002,0.7921568512398082,0.7935833333333333,0.7834039541491402,0.7847368421052632,3076,0.002809509176554781,3068.887480735779,0.4596080780029297
Full_FT,231,12000,8,2e-05,0.9269859597808898,0.9270833333333334,0.9261634004803572,0.9263157894736842,109485316,100.0,7031.470451593399,1.8631548881530762
Full_FT,42,12000,8,2e-05,0.9273377905639704,0.9274166666666667,0.9223531803865335,0.9225,109485316,100.0,6778.92076921463,1.8631548881530762
Full_FT,123,12000,8,2e-05,0.9273448894901345,0.9274166666666667,0.9231430844513118,0.9231578947368421,109485316,100.0,6917.413756608963,1.8631548881530762
Full_FT,456,12000,8,2e-05,0.9279073001551558,0.9279166666666666,0.9227924846090177,0.9228947368421052,109485316,100.0,7520.055558919907,1.8631548881530762
Full_FT,789,12000,8,2e-05,0.9262708514140514,0.9263333333333333,0.9209441677661299,0.9210526315789473,109485316,100.0,6986.392305850983,1.8631548881530762
Standard_LoRA,231,12000,8,0.0002,0.9246303006607355,0.9248333333333333,0.9176467436700961,0.9178947368421052,297988,0.2714328947505533,4878.44352722168,0.9137725830078125
Standard_LoRA,42,12000,8,0.0002,0.9242838850936159,0.9244166666666667,0.9225994444743424,0.9227631578947368,297988,0.2714328947505533,4860.525022506714,0.9137725830078125
Standard_LoRA,123,12000,8,0.0002,0.9259455803677457,0.926,0.9235472574764335,0.9236842105263158,297988,0.2714328947505533,5017.8532910346985,0.9137725830078125
Standard_LoRA,456,12000,8,0.0002,0.9227679830880159,0.9228333333333333,0.9228272615574533,0.9228947368421052,297988,0.2714328947505533,5181.861170053482,0.9137725830078125
Standard_LoRA,789,12000,8,0.0002,0.9237962220700032,0.9239166666666667,0.9225704964122258,0.9227631578947368,297988,0.2714328947505533,5212.573688745499,0.9137725830078125
Selected_LoRA,231,12000,8,0.0002,0.9259856912183819,0.926,0.9217023424849259,0.9217105263157894,445444,0.40520414850220265,5626.47664642334,0.9590110778808594
Selected_LoRA,42,12000,8,0.0002,0.9254800374287926,0.9255833333333333,0.9219540148163705,0.9221052631578948,445444,0.40520414850220265,5611.616457939148,0.9590110778808594
Selected_LoRA,123,12000,8,0.0002,0.9289874800391639,0.929,0.9212651919681911,0.9213157894736842,445444,0.40520414850220265,5788.188502550125,0.9590110778808594
Selected_LoRA,456,12000,8,0.0002,0.92611465174867,0.92625,0.9222025346552668,0.9223684210526316,445444,0.40520414850220265,5777.512195110321,0.9590110778808594
Selected_LoRA,789,12000,8,0.0002,0.9261953933795304,0.9261666666666667,0.9233360137919016,0.9232894736842105,445444,0.40520414850220265,5532.229915857315,0.9590110778808594
