loss,grad_norm,learning_rate,epoch,step,eval_loss,eval_accuracy,eval_macro_f1,eval_runtime,eval_samples_per_second,eval_steps_per_second,train_runtime,train_samples_per_second,train_steps_per_second,total_flos,train_loss,test_loss,test_accuracy,test_macro_f1,test_runtime,test_samples_per_second,test_steps_per_second
0.4196,5.732301235198975,0.00017501666666666667,1.0,1500,,,,,,,,,,,,,,,,,
,,,1.0,1500,0.2969522774219513,0.9105833333333333,0.9106533831928562,233.8305,51.319,6.415,,,,,,,,,,,
0.2719,13.14859676361084,0.00015001666666666666,2.0,3000,,,,,,,,,,,,,,,,,
,,,2.0,3000,0.2922455966472626,0.9181666666666667,0.9178037200185397,233.6013,51.37,6.421,,,,,,,,,,,
0.2228,12.383673667907715,0.00012501666666666668,3.0,4500,,,,,,,,,,,,,,,,,
,,,3.0,4500,0.2827187180519104,0.92075,0.9207749619384079,233.0129,51.499,6.437,,,,,,,,,,,
0.188,8.57369327545166,0.00010001666666666667,4.0,6000,,,,,,,,,,,,,,,,,
,,,4.0,6000,0.30497056245803833,0.92175,0.9217967742056996,234.3109,51.214,6.402,,,,,,,,,,,
0.1607,0.030990511178970337,7.501666666666667e-05,5.0,7500,,,,,,,,,,,,,,,,,
,,,5.0,7500,0.31807029247283936,0.9251666666666667,0.9251593607385762,216.5971,55.402,6.925,,,,,,,,,,,
0.1385,0.08947660028934479,5.0016666666666665e-05,6.0,9000,,,,,,,,,,,,,,,,,
,,,6.0,9000,0.3334878981113434,0.9258333333333333,0.9256496745294555,208.3567,57.594,7.199,,,,,,,,,,,
0.127,0.02123507484793663,2.5016666666666667e-05,7.0,10500,,,,,,,,,,,,,,,,,
,,,7.0,10500,0.3405245840549469,0.92625,0.92611465174867,206.6837,58.06,7.257,,,,,,,,,,,
0.109,0.023474857211112976,1.6666666666666667e-08,8.0,12000,,,,,,,,,,,,,,,,,
,,,8.0,12000,0.34644174575805664,0.9260833333333334,0.926020752589626,205.6528,58.351,7.294,,,,,,,,,,,
,,,8.0,12000,,,,,,,5777.3395,16.617,2.077,6347620417536000.0,0.20469591013590493,,,,,,
,,,8.0,12000,0.3405245840549469,0.92625,0.92611465174867,203.6584,58.922,7.365,,,,,,,,,,,
,,,8.0,12000,,,,,,,,,,,,0.3501821756362915,0.9223684210526316,0.9222025346552668,128.7849,59.013,7.377
